<wpml-config>
  <custom-types>
    <custom-type translate="1">cspt-portfolio</custom-type>
    <custom-type translate="1">cspt-service</custom-type>
    <custom-type translate="1">cspt-team-member</custom-type>
    <custom-type translate="1">cspt-testimonial</custom-type>
    <custom-type translate="1">cspt-client</custom-type>
  </custom-types>
  <taxonomies>
    <taxonomy translate="1">cspt-portfolio-category</taxonomy>
    <taxonomy translate="1">cspt-service-category</taxonomy>
    <taxonomy translate="1">cspt-team-group</taxonomy>
    <taxonomy translate="1">cspt-testimonial-cat</taxonomy>
    <taxonomy translate="1">cspt-client-group</taxonomy>
  </taxonomies>
  <admin-texts>
    <key name="theme_mods_karon">
      <key name="header-btn-text"/>
      <key name="copyright-text"/>
      <key name="portfolio-details">
        <key name="line_title"/>
        <key name="line_type"/>
      </key>
    </key>
  </admin-texts>
</wpml-config>
